-- SQL Exercise 1
USE upskill_events;
INSERT INTO users (user_id, full_name, email, city, registration_date) VALUES (1,'Alice Johnson','alice@example.com','New York','2024-12-01'),(2,'Bob Smith','bob@example.com','Los Angeles','2024-12-05'),(3,'Charlie Lee','charlie@example.com','Chicago','2024-12-10'),(4,'Diana King','diana@example.com','New York','2025-01-15'),(5,'Ethan Hunt','ethan@example.com','Los Angeles','2025-02-01'),(6,'Fatima Noor','fatima@example.com','Chicago',CURRENT_DATE - INTERVAL 3 DAY),(7,'Grace Chen','grace@example.com','New York',CURRENT_DATE - INTERVAL 1 DAY);
INSERT INTO events (event_id,title,description,city,start_date,end_date,status,organizer_id) VALUES (1,'Tech Innovators Meetup','A meetup for tech enthusiasts.','New York','2026-06-10 10:00:00','2026-06-10 16:00:00','upcoming',1),(2,'AI & ML Conference','Conference on AI and ML advancements.','Chicago','2025-05-15 09:00:00','2025-05-15 17:00:00','completed',3),(3,'Frontend Development Bootcamp','Hands-on training on frontend tech.','Los Angeles','2026-07-01 10:00:00','2026-07-03 16:00:00','upcoming',2),(4,'Community Cloud Day','Cloud workshops for residents.','New York','2026-08-12 09:30:00','2026-08-12 14:00:00','upcoming',1),(5,'Cancelled Data Meetup','Cancelled planning event.','Chicago','2026-09-05 10:00:00','2026-09-05 12:00:00','cancelled',3);
INSERT INTO sessions (event_id,title,speaker_name,start_time,end_time) VALUES (1,'Opening Keynote','Dr. Tech','2026-06-10 10:00:00','2026-06-10 11:00:00'),(1,'Future of Web Dev','Alice Johnson','2026-06-10 11:15:00','2026-06-10 12:30:00'),(2,'AI in Healthcare','Charlie Lee','2025-05-15 09:30:00','2025-05-15 11:00:00'),(3,'Intro to HTML5','Bob Smith','2026-07-01 10:00:00','2026-07-01 12:00:00'),(3,'CSS Layout Lab','Diana King','2026-07-01 11:30:00','2026-07-01 13:00:00'),(4,'Cloud Basics','Fatima Noor','2026-08-12 10:00:00','2026-08-12 12:00:00');
INSERT INTO registrations (user_id,event_id,registration_date) VALUES (1,1,'2026-05-01'),(2,1,'2026-05-02'),(3,2,'2025-04-30'),(4,2,'2025-04-28'),(5,3,'2026-06-15'),(1,4,'2026-06-16'),(7,4,CURRENT_DATE);
INSERT INTO feedback (user_id,event_id,rating,comments,feedback_date) VALUES (3,2,4,'Great insights!','2025-05-16'),(4,2,5,'Very informative.','2025-05-16'),(2,1,3,'Could be better.','2026-06-11'),(5,3,2,'Need more examples.','2026-07-04');
INSERT INTO resources (event_id,resource_type,resource_url,uploaded_at) VALUES (1,'pdf','https://portal.com/resources/tech_meetup_agenda.pdf','2026-05-01 10:00:00'),(2,'image','https://portal.com/resources/ai_poster.jpg','2025-04-20 09:00:00'),(3,'link','https://portal.com/resources/html5_docs','2026-06-25 15:00:00'),(4,'pdf','https://portal.com/resources/cloud_day.pdf','2026-07-01 08:00:00');
